Workbook
Name tier: 'Step 1 - XDS'!$C$4:$C$53
Name time_hrs: 'Step 1 - XDS'!$B$4:$B$53
Name xds: 'Step 1 - XDS'!$E$4:$E$53

Sheet Step 1 - XDS
B1: CEO TIME AUDIT
A2: 👉🚨 WATCH THIS VIDEO FIRST🚨
A3: Specific Task | B3: Hours/Week | C3: Tier | D3: Energy | E3: CDS | F3: New Owner | G3: System to Create
A54: Total # Hours/Week | B54: =SUM(B4:B53) -> 0
A56: Summarized Analysis
A58: Total # Hours By Tier | D58: Total # Hours By Energy
A59: 1-Admin | B59: =SUMIF('Step 1 - XDS'!$C$4:$C$53,A59,'Step 1 - XDS'!$B$4:$B$53) -> 0 | D59: Gives Me Energy | F59: =SUMIF('Step 1 - XDS'!$D$4:$D$53,D59,'Step 1 - XDS'!$B$4:$B$53) -> 0
A60: 2-Technician | B60: =SUMIF('Step 1 - XDS'!$C$4:$C$53,A60,'Step 1 - XDS'!$B$4:$B$53) -> 0 | D60: Neutral | F60: =SUMIF('Step 1 - XDS'!$D$4:$D$53,D60,'Step 1 - XDS'!$B$4:$B$53) -> 0
A61: 3-Manager | B61: =SUMIF('Step 1 - XDS'!$C$4:$C$53,A61,'Step 1 - XDS'!$B$4:$B$53) -> 0 | D61: Takes My Energy | F61: =SUMIF('Step 1 - XDS'!$D$4:$D$53,D61,'Step 1 - XDS'!$B$4:$B$53) -> 0
A62: 4-Exec | B62: =SUMIF('Step 1 - XDS'!$C$4:$C$53,A62,'Step 1 - XDS'!$B$4:$B$53) -> 0
A64: Low Hanging Fruit Hours To Be Saves | D64: How to Ge Things Off Your Plate
A65: Current Total # Hours/Week | B65: =B54 -> 0 | D65: Cut | E65: X | F65: =SUMIF('Step 1 - XDS'!$E$4:$E$53,E65,$B$4:$B$53) -> 0
A66: Immediate Items to Cut | B66: =SUMIF('Step 1 - XDS'!$E$4:$E$53,"X",$B$4:$B$53) -> 0 | D66: Delegate | E66: D | F66: =SUMIF('Step 1 - XDS'!$E$4:$E$53,E66,$B$4:$B$53) -> 0
A67: Admin Hours to Delegate | B67: =SUMIF('Step 1 - XDS'!$C$4:$C$53,"1-Admin",$B$4:$B$53) -> 0 | D67: Systemize | E67: S | F67: =SUMIF('Step 1 - XDS'!$E$4:$E$53,E67,$B$4:$B$53) -> 0
A68: New Hours | B68: =B65-B66-B67 -> 0 | D68: Sytemize & Delegate | E68: S+D | F68: =SUMIF('Step 1 - XDS'!$E$4:$E$53,E68,$B$4:$B$53) -> 0
A69: Total Hours Saved | B69: =B65-B68 -> 0
A71: Top Tasks to Get Off Your Plate
A72: =IFERROR(__xludf.DUMMYFUNCTION("QUERY(A3:G53, ""SELECT A, B, C, D, E, F,G WHERE C = '1-Admin' OR D = 'Takes My Energy'"",1)"),"Specific Task") -> Specific Task | B72: =IFERROR(__xludf.DUMMYFUNCTION("""COMPUTED_VALUE"""),"Hours/Week") -> Hours/Week | C72: =IFERROR(__xludf.DUMMYFUNCTION("""COMPUTED_VALUE"""),"Tier") -> Tier | D72: =IFERROR(__xludf.DUMMYFUNCTION("""COMPUTED_VALUE"""),"Energy") -> Energy | E72: =IFERROR(__xludf.DUMMYFUNCTION("""COMPUTED_VALUE"""),"CDS") -> CDS | F72: =IFERROR(__xludf.DUMMYFUNCTION("""COMPUTED_VALUE"""),"New Owner") -> New Owner | G72: =IFERROR(__xludf.DUMMYFUNCTION("""COMPUTED_VALUE"""),"System to Create") -> System to Create
A89: Tasks You Should Keep/Continue Doing
A90: =IFERROR(__xludf.DUMMYFUNCTION("QUERY(A3:G53, ""SELECT A, B, C, D, E, F, G WHERE C = '3-Manager' OR C = '4-Exec' OR D = 'Gives Me Energy'"",1)"),"Specific Task") -> Specific Task | B90: =IFERROR(__xludf.DUMMYFUNCTION("""COMPUTED_VALUE"""),"Hours/Week") -> Hours/Week | C90: =IFERROR(__xludf.DUMMYFUNCTION("""COMPUTED_VALUE"""),"Tier") -> Tier | D90: =IFERROR(__xludf.DUMMYFUNCTION("""COMPUTED_VALUE"""),"Energy") -> Energy | E90: =IFERROR(__xludf.DUMMYFUNCTION("""COMPUTED_VALUE"""),"CDS") -> CDS | F90: =IFERROR(__xludf.DUMMYFUNCTION("""COMPUTED_VALUE"""),"New Owner") -> New Owner | G90: =IFERROR(__xludf.DUMMYFUNCTION("""COMPUTED_VALUE"""),"System to Create") -> System to Create

Sheet Step 2 - Actions (Example)
A1: CEO TIME AUDIT ACTION PLAN
A2: After completing your Time Audit on the previous tab, now take some time to define what your ideal role is, the next systems to create and the next roles to hire in order to free up your time.
A4: What Are The Most Valuable Activities That You Should Be Spending Your Time On?
A5: Activity | E5: Ideal % of Your Time
A6: 1. | E6: 0.3
A7: 2. | E7: 0.2
A8: 3. | E8: 0.3
A9: 4. | E9: 0.1
A10: 5. | E10: 0.1
B11: Total: | E11: =SUM(E6:F10) -> 1
A12: First 3 Systems to Create to Offload
A13: System | E13: Create or Update
A14: 1. | E14: Update
A15: 2. | E15: Create
A16: 3. | E16: Create
A17: The Next 3 Positions to Hire For
A18: Position | C18: Top Tasks to Delegate
A19: 1.
A20: 2.
A21: 3.
